Year,Gender,Race,Level of School,Value
2014,,,High School,2672.0
2014,Male,,High School,1111.0
2014,Female,,High School,1561.0
2014,,American Indian or Alaska Native,High School,5.0
2014,,Asian,High School,42.0
2014,,African American,High School,2289.0
2014,,Hispanic/Latino,High School,281.0
2014,,Native Hawaiian or Other Pacific Islander,High School,5.0
2014,,White,High School,49.0
2014,,,Middle School,4116.0
2014,Male,,Middle School,1981.0
2014,Female,,Middle School,2135.0
2014,,American Indian or Alaska Native,Middle School,16.0
2014,,Asian,Middle School,76.0
2014,,African American,Middle School,3610.0
2014,,Hispanic/Latino,Middle School,353.0
2014,,Native Hawaiian or Other Pacific Islander,Middle School,
2014,,Two or More Races,Middle School,4.0
2014,,White,Middle School,57.0
2014,,,Elementary School,3360.0
2014,Male,,Elementary School,1758.0
2014,Female,,Elementary School,1602.0
2014,,American Indian or Alaska Native,Elementary School,7.0
2014,,Asian,Elementary School,54.0
2014,,African American,Elementary School,2767.0
2014,,Hispanic/Latino,Elementary School,432.0
2014,,White,Elementary School,92.0
2014,,Two or More Races,Elementary School,8.0
2015,,,High School,2627.0
2015,Male,,High School,1128.0
2015,Female,,High School,1499.0
2015,,American Indian or Alaska Native,High School,1.0
2015,,Asian,High School,60.0
2015,,African American,High School,2236.0
2015,,Hispanic/Latino,High School,293.0
2015,,Native Hawaiian or Other Pacific Islander,High School,1.0
2015,,White,High School,36.0
2015,,,Middle School,3993.0
2015,Male,,Middle School,1991.0
2015,Female,,Middle School,2002.0
2015,,American Indian or Alaska Native,Middle School,14.0
2015,,Asian,Middle School,79.0
2015,,African American,Middle School,3410.0
2015,,Hispanic/Latino,Middle School,424.0
2015,,Native Hawaiian or Other Pacific Islander,Middle School,3.0
2015,,Two or More Races,Middle School,3.0
2015,,White,Middle School,60.0
2015,,,Elementary School,3188.0
2015,Male,,Elementary School,1647.0
2015,Female,,Elementary School,1541.0
2015,,American Indian or Alaska Native,Elementary School,4.0
2015,,Asian,Elementary School,64.0
2015,,African American,Elementary School,2585.0
2015,,Hispanic/Latino,Elementary School,452.0
2015,,Native Hawaiian or Other Pacific Islander,Elementary School,2.0
2015,,Two or More Races,Elementary School,11.0
2015,,White,Elementary School,70.0
2016,,,High School,2662.0
2016,Male,,High School,1146.0
2016,Female,,High School,1516.0
2016,,American Indian or Alaska Native,High School,2.0
2016,,Asian,High School,71.0
2016,,African American,High School,2227.0
2016,,Hispanic/Latino,High School,312.0
2016,,Native Hawaiian or Other Pacific Islander,High School,1.0
2016,,White,High School,49.0
2016,,,Middle School,3782.0
2016,Male,,Middle School,1890.0
2016,Female,,Middle School,1892.0
2016,,American Indian or Alaska Native,Middle School,8.0
2016,,Asian,Middle School,68.0
2016,,African American,Middle School,3211.0
2016,,Hispanic/Latino,Middle School,420.0
2016,,Native Hawaiian or Other Pacific Islander,Middle School,8.0
2016,,Two or More Races,Middle School,4.0
2016,,White,Middle School,63.0
2016,,,Elementary School,3252.0
2016,Male,,Elementary School,1730.0
2016,Female,,Elementary School,1522.0
2016,,American Indian or Alaska Native,Elementary School,9.0
2016,,Asian,Elementary School,49.0
2016,,African American,Elementary School,2634.0
2016,,Hispanic/Latino,Elementary School,483.0
2016,,Native Hawaiian or Other Pacific Islander,Elementary School,4.0
2016,,Two or More Races,Elementary School,10.0
2016,,White,Elementary School,63.0
2017,Male,,High School,1467.0
2017,Female,,High School,1772.0
2017,,American Indian or Alaska Native,High School,12.0
2017,,Asian,High School,81.0
2017,,African American,High School,2753.0
2017,,Hispanic/Latino,High School,334.0
2017,,Native Hawaiian or Other Pacific Islander,High School,5.0
2017,,White,High School,49.0
2017,,Two or More Races,High School,5.0
2017,,,High School,3239.0
2017,,,Middle School,4296.0
2017,Male,,Middle School,2178.0
2017,Female,,Middle School,2188.0
2017,,American Indian or Alaska Native,Middle School,8.0
2017,,Asian,Middle School,83.0
2017,,African American,Middle School,3653.0
2017,,Hispanic/Latino,Middle School,442.0
2017,,Native Hawaiian or Other Pacific Islander,Middle School,6.0
2017,,Two or More Races,Middle School,3.0
2017,,White,Middle School,101.0
2017,,,Elementary School,3602.0
2017,Male,,Elementary School,1884.0
2017,Female,,Elementary School,1718.0
2017,,American Indian or Alaska Native,Elementary School,11.0
2017,,Asian,Elementary School,63.0
2017,,African American,Elementary School,2889.0
2017,,Hispanic/Latino,Elementary School,540.0
2017,,Native Hawaiian or Other Pacific Islander,Elementary School,3.0
2017,,Two or More Races,Elementary School,8.0
2017,,White,Elementary School,88.0
2018,,,High School,2900.0
2018,Male,,High School,1280.0
2018,Female,,High School,1620.0
2018,,American Indian or Alaska Native,High School,5.0
2018,,Asian,High School,73.0
2018,,African American,High School,2413.0
2018,,Hispanic/Latino,High School,361.0
2018,,Native Hawaiian or Other Pacific Islander,High School,5.0
2018,,White,High School,43.0
2018,,,Middle School,4029.0
2018,Male,,Middle School,1998.0
2018,Female,,Middle School,2031.0
2018,,American Indian or Alaska Native,Middle School,5.0
2018,,Asian,Middle School,92.0
2018,,African American,Middle School,3396.0
2018,,Hispanic/Latino,Middle School,453.0
2018,,Native Hawaiian or Other Pacific Islander,Middle School,1.0
2018,,Two or More Races,Middle School,11.0
2018,,White,Middle School,71.0
2018,,,Elementary School,3549.0
2018,Male,,Elementary School,1852.0
2018,Female,,Elementary School,1697.0
2018,,American Indian or Alaska Native,Elementary School,5.0
2018,,Asian,Elementary School,56.0
2018,,African American,Elementary School,2819.0
2018,,Hispanic/Latino,Elementary School,552.0
2018,,Native Hawaiian or Other Pacific Islander,Elementary School,2.0
2018,,Two or More Races,Elementary School,16.0
2018,,White,Elementary School,99.0
2019,,,High School,2600.0
2019,Male,,High School,1116.0
2019,Female,,High School,1484.0
2019,,American Indian or Alaska Native,High School,5.0
2019,,Asian,High School,75.0
2019,,African American,High School,2131.0
2019,,Hispanic/Latino,High School,331.0
2019,,Native Hawaiian or Other Pacific Islander,High School,4.0
2019,,White,High School,54.0
2019,,,Middle School,4223.0
2019,Male,,Middle School,2045.0
2019,Female,,Middle School,2178.0
2019,,American Indian or Alaska Native,Middle School,11.0
2019,,Asian,Middle School,65.0
2019,,African American,Middle School,3544.0
2019,,Hispanic/Latino,Middle School,506.0
2019,,Native Hawaiian or Other Pacific Islander,Middle School,4.0
2019,,Two or More Races,Middle School,3.0
2019,,White,Middle School,90.0
2019,,,Elementary School,3443.0
2019,Male,,Elementary School,1799.0
2019,Female,,Elementary School,1644.0
2019,,American Indian or Alaska Native,Elementary School,4.0
2019,,Asian,Elementary School,44.0
2019,,African American,Elementary School,2778.0
2019,,Hispanic/Latino,Elementary School,530.0
2019,,Two or More Races,Elementary School,4.0
2019,,White,Elementary School,83.0
2020,,,High School,2324.0
2020,Male,,High School,973.0
2020,Female,,High School,1351.0
2020,,American Indian or Alaska Native,High School,
2020,,Asian,High School,68.0
2020,,African American,High School,1876.0
2020,,Hispanic/Latino,High School,317.0
2020,,Native Hawaiian or Other Pacific Islander,High School,
2020,,White,High School,51.0
2020,,,Middle School,4058.0
2020,Male,,Middle School,1972.0
2020,Female,,Middle School,2086.0
2020,,American Indian or Alaska Native,Middle School,8.0
2020,,Asian,Middle School,86.0
2020,,African American,Middle School,3348.0
2020,,Hispanic/Latino,Middle School,528.0
2020,,Native Hawaiian or Other Pacific Islander,Middle School,3.0
2020,,Two or More Races,Middle School,7.0
2020,,White,Middle School,78.0
2020,,,Elementary School,3552.0
2020,Male,,Elementary School,1844.0
2020,Female,,Elementary School,1708.0
2020,,American Indian or Alaska Native,Elementary School,2.0
2020,,Asian,Elementary School,48.0
2020,,African American,Elementary School,2908.0
2020,,Hispanic/Latino,Elementary School,494.0
2020,,Native Hawaiian or Other Pacific Islander,Elementary School,3.0
2020,,Two or More Races,Elementary School,6.0
2020,,White,Elementary School,91.0
2021,,,High School,2719.0
2021,Male,,High School,1208.0
2021,Female,,High School,1511.0
2021,,American Indian or Alaska Native,High School,3.0
2021,,Asian,High School,77.0
2021,,African American,High School,2148.0
2021,,Hispanic/Latino,High School,421.0
2021,,Native Hawaiian or Other Pacific Islander,High School,3.0
2021,,White,High School,64.0
2021,,Two or More Races,High School,3.0
2021,,,Middle School,4011.0
2021,Male,,Middle School,1909.0
2021,Female,,Middle School,2102.0
2021,,American Indian or Alaska Native,Middle School,4.0
2021,,Asian,Middle School,59.0
2021,,African American,Middle School,3317.0
2021,,Hispanic/Latino,Middle School,527.0
2021,,Native Hawaiian or Other Pacific Islander,Middle School,3.0
2021,,Two or More Races,Middle School,12.0
2021,,White,Middle School,89.0
2021,,,Elementary School,3462.0
2021,Male,,Elementary School,1772.0
2021,Female,,Elementary School,1690.0
2021,,American Indian or Alaska Native,Elementary School,5.0
2021,,Asian,Elementary School,42.0
2021,,African American,Elementary School,2839.0
2021,,Hispanic/Latino,Elementary School,476.0
2021,,Native Hawaiian or Other Pacific Islander,Elementary School,2.0
2021,,Two or More Races,Elementary School,6.0
2021,,White,Elementary School,92.0
2022,,,High School,2815.0
2022,Male,,High School,1243.0
2022,Female,,High School,1572.0
2022,,American Indian or Alaska Native,High School,10.0
2022,,Asian,High School,59.0
2022,,African American,High School,2254.0
2022,,Hispanic/Latino,High School,417.0
2022,,Native Hawaiian or Other Pacific Islander,High School,3.0
2022,,White,High School,66.0
2022,,Two or More Races,High School,5.0
2022,,,Middle School,3975.0
2022,Male,,Middle School,1950.0
2022,Female,,Middle School,2025.0
2022,,American Indian or Alaska Native,Middle School,4.0
2022,,Asian,Middle School,90.0
2022,,African American,Middle School,3265.0
2022,,Hispanic/Latino,Middle School,523.0
2022,,Native Hawaiian or Other Pacific Islander,Middle School,3.0
2022,,Two or More Races,Middle School,19.0
2022,,White,Middle School,71.0
2022,,,Elementary School,3599.0
2022,Male,,Elementary School,1882.0
2022,Female,,Elementary School,1717.0
2022,,American Indian or Alaska Native,Elementary School,8.0
2022,,Asian,Elementary School,29.0
2022,,African American,Elementary School,2954.0
2022,,Hispanic/Latino,Elementary School,496.0
2022,,Native Hawaiian or Other Pacific Islander,Elementary School,3.0
2022,,Two or More Races,Elementary School,11.0
2022,,White,Elementary School,98.0
2023,,,Middle School,4561.0
2023,Male,,Middle School,2232.0
2023,Female,,Middle School,2329.0
2023,,American Indian or Alaska Native,Middle School,5.0
2023,,Asian,Middle School,73.0
2023,,African American,Middle School,3743.0
2023,,Hispanic/Latino,Middle School,640.0
2023,,Native Hawaiian or Other Pacific Islander,Middle School,2.0
2023,,Two or More Races,Middle School,27.0
2023,,White,Middle School,71.0
2023,,,Elementary School,3621.0
2023,Male,,Elementary School,1934.0
2023,Female,,Elementary School,1687.0
2023,,American Indian or Alaska Native,Elementary School,3.0
2023,,Asian,Elementary School,46.0
2023,,African American,Elementary School,2925.0
2023,,Hispanic/Latino,Elementary School,537.0
2023,,Native Hawaiian or Other Pacific Islander,Elementary School,1.0
2023,,Two or More Races,Elementary School,15.0
2023,,White,Elementary School,94.0
